{
  "DisplayName": "Disable Terminal Services on Host",
  "Definition": "# SbPAM Addon Script\r\ntry {\r\n    Add-SbPAMActionLog -ActionQueueActionId $ActionQueueActionId -Type Info -Message \"Disable Terminal Services on Host script started, SessionId: $SessionId.\"\r\n    Import-Module (Join-Path $SbPAMScriptDirectory \"SbPAMWindows.psm1\")\r\n    Import-Module (Join-Path $SbPAMScriptDirectory \"SbPAMPlatformManager.psm1\")\r\n    $activitySession = Get-SbPAMActivitySession -Id $SessionId\r\n    $managedResource = Get-SbPAMManagedResource -Id $activitySession.ManagedResourceId\r\n    $session = $null\r\n    # If this is a website resource then don't try to disable RDP\r\n    if (2 -eq $managedResource.Type ) {\r\n        Add-SbPAMActionLog -Type Info -Message \"This is a website resource – will not disable RDP\"\r\n        return\r\n    }\r\n\r\n    try {\r\n        $targetHost = Get-SbPAMHost -Id $HostId\r\n        if ($null -eq $targetHost -or [string]::IsNullOrEmpty($targetHost.DnsHostName)) {\r\n            Add-SbPAMActionLog -Type Error -Message \"Unable to find host to disable RDP.\"\r\n        }\r\n        if ($null -eq $managedResource.OS) {\r\n             Add-SbPAMActionLog -Type Error -Message \"OS Not Defined '$($targetHost.DnsHostName)', unable to disable RDP.\"\r\n             return -1\r\n        }\r\n        if (!(Test-Windows -OS $managedResource.OS)) {\r\n             Add-SbPAMActionLog -Type Info -Message \"OS is $($managedResource.OS) - could not disable RDP\"\r\n            return\r\n        }\r\n        $hostName = $targetHost.DnsHostName\r\n        # Check for active sessions on this machine\r\n        Add-SbPAMActionLog -Type Info -Message \"Getting active session count\"\r\n        $sessionCount = Get-SbPAMActivitySessionCount -TargetId $HostId -Status \"active\"\r\n        Add-SbPAMActionLog -Type Info -Message \"Found $sessionCount active sessions for $hostName.\"\r\n        if ($sessionCount -le 1) {\r\n            # Just us\r\n            $session = $null\r\n            \r\n            $Params = @{\r\n                RemoteHost  = $($targetHost)\r\n                #Port        = $managedResource.PortWinRm\r\n                Credential  = (Get-PSCredential -Credentials $Credentials)\r\n            }\r\n            $session = New-SbPAMPSSession @Params\r\n            if ($null -eq $session) {\r\n                throw \"Unable to create PS Session on $hostName.\"\r\n            }\r\n            $cmdOutput = Invoke-SbPAMRemoteCommand -Session $session -ScriptBlock {\r\n                \"Disable-TermSvc: Denying terminal server connections\"\r\n                Set-ItemProperty -Path 'HKLM:\\System\\CurrentControlSet\\Control\\Terminal Server' -name \"fDenyTSConnections\" -value 1\r\n                \"Disable-TermSvc: Stop UmRdpService\"\r\n                Stop-Service UmRdpService -force\r\n                \"Disable-TermSvc: Stop TermService\"\r\n                Stop-Service TermService -force\r\n                if ($DisableFirewall)\r\n                {\r\n                    # Disable-NetFirewallRule does not exist on 2008r2\r\n                    if (Get-Command Disable-NetFirewallRule -ErrorAction SilentlyContinue) {\r\n                        \"Disable-TermSvc: Disabling firewall rule\"\r\n                        Disable-NetFirewallRule -Group \"@FirewallAPI.dll,-28752\"\r\n                    }\r\n                    else {\r\n                        \"Disable-TermSvc: Unable to find Disable-NetFirewallRule cmdlet!\"\r\n                    }\r\n                }\r\n            }\r\n            foreach ($line in $cmdOutput) {\r\n                if ($null -ne $line -and $line -is [string] -and $line.Length -gt 0) {\r\n                    Add-SbPAMActionLog -Type Info -Message $line\r\n                }\r\n            }\r\n        }\r\n        else {\r\n            Add-SbPAMActionLog -Type Info -Message \"Not disabling services because there are multiple activity sessions for this resource.\"\r\n        }\r\n    } catch {\r\n        Add-SbPAMActionLog -Type Error -Message \"Disable-TermSvc: session error: $_\"\r\n    }\r\n    finally {\r\n        if ($null -ne $session) {\r\n            Remove-PSSession -Session $session\r\n        }\r\n    }\r\n}\r\nfinally {\r\n    Add-SbPAMActionLog -ActionQueueActionId $ActionQueueActionId -Type Info -Message \"Disable Terminal Services on Host script finsished, SessionId: $SessionId.\"\r\n}\r\n",
  "Id": "bc11e89b-747f-47b9-8c9b-adf810b9abc2",
  "CreatedDateTimeUtc": "2023-02-08T19:58:49.8789Z",
  "ModifiedDateTimeUtc": "2024-06-10T15:02:17.1284Z",
  "Description": "Disable terminal services and remove firewall rules for RDP",
  "CreatedBy": "e1135dad-4c1b-419e-b745-4ef7a631309c",
  "UserDefined": false,
  "Icon": "arrow-down",
  "LastModifiedBy": "e1135dad-4c1b-419e-b745-4ef7a631309c",
  "Classification": 4,
  "ActionTemplateParameter": [
    {
      "ActionPackId": null,
      "DefaultValue": null,
      "Id": "9ac5c0af-07eb-4b19-b486-116e2060166c",
      "SortOrder": 0,
      "Type": 14,
      "ActionTemplateId": "bc11e89b-747f-47b9-8c9b-adf810b9abc2",
      "Required": false,
      "ValueSet": [],
      "Name": "SessionId",
      "Description": "ActivitySession Id",
      "DisplayName": "SessionId"
    },
    {
      "ActionPackId": null,
      "DefaultValue": null,
      "Id": "fb741e0e-09d1-4235-8029-8c0794dc87c3",
      "SortOrder": 1,
      "Type": 8,
      "ActionTemplateId": "bc11e89b-747f-47b9-8c9b-adf810b9abc2",
      "Required": true,
      "ValueSet": [],
      "Name": "HostId",
      "Description": null,
      "DisplayName": "HostId"
    },
    {
      "ActionPackId": null,
      "DefaultValue": null,
      "Id": "2cf0e8ee-634f-48f6-b4f9-72f087a6b518",
      "SortOrder": 2,
      "Type": 3,
      "ActionTemplateId": "bc11e89b-747f-47b9-8c9b-adf810b9abc2",
      "Required": true,
      "ValueSet": [],
      "Name": "Credentials",
      "Description": null,
      "DisplayName": "Credentials"
    },
    {
      "ActionTemplateId": "bc11e89b-747f-47b9-8c9b-adf810b9abc2",
      "ValueSet": [],
      "DisplayName": "Disable Firewall Rule",
      "SortOrder": 3,
      "Description": "Disable firewall rule",
      "DefaultValue": null,
      "Required": true,
      "Name": "DisableFirewall",
      "ActionPackId": null,
      "Id": "abe56dea-0630-4ed3-a85b-f59564ac7676",
      "Type": 17
    }
  ]
}
