{
  "DisplayName": "Enable Terminal Services on Host",
  "Definition": "# SbPAM Addon Script\r\ntry {\r\n    Add-SbPAMActionLog -ActionQueueActionId $ActionQueueActionId -Type Info -Message \"Enable Terminal Services on Host script started, SessionId: $SessionId.\"\r\n    Import-Module (Join-Path $SbPAMScriptDirectory \"SbPAMWindows.psm1\")\r\n    Import-Module (Join-Path $SbPAMScriptDirectory \"SbPAMPlatformManager.psm1\")\r\n    $activitySession = Get-SbPAMActivitySession -Id $SessionId\r\n    $managedResource = Get-SbPAMManagedResource -Id $activitySession.ManagedResourceId\r\n    $session = $null\r\n    # If this is a website resource then don't try to enable RDP\r\n    if (2 -eq $managedResource.Type ) {\r\n        Add-SbPAMActionLog -Type Info -Message \"This is a website resource – will not enable RDP\"\r\n        return\r\n    }\r\n\r\n    try {\r\n        $targetHost = Get-SbPAMHost -Id $HostId\r\n        if ($null -eq $targetHost -or [string]::IsNullOrEmpty($targetHost.DnsHostName)) {\r\n            Add-SbPAMActionLog -Type Error -Message \"Unable to find host to enable RDP.\"\r\n        }\r\n        if ($null -eq $managedResource.OS) {\r\n             Add-SbPAMActionLog -Type Error -Message \"OS Not Defined '$($targetHost.DnsHostName)', unable to enable RDP.\"\r\n             return -1\r\n        }\r\n        if (!(Test-Windows -OS $managedResource.OS)) {\r\n             Add-SbPAMActionLog -Type Info -Message \"OS is $($managedResource.OS) - could not enable RDP\"\r\n            return\r\n        }\r\n        $hostName = $targetHost.DnsHostName\r\n        $Params = @{\r\n            RemoteHost  = $($targetHost)\r\n            #Port        = $managedResource.PortWinRm\r\n            Credential  = (Get-PSCredential -Credentials $Credentials)\r\n        }\r\n        $session = New-SbPAMPSSession @Params\r\n        if ($null -eq $session) {\r\n            throw \"Unable to create PS Session on $hostName.\"\r\n        }\r\n        $cmdOutput = Invoke-SbPAMRemoteCommand -Session $session -ScriptBlock {\r\n            \"Enable-TermSvc: Allowing terminal server connections\"\r\n            Set-ItemProperty -Path 'HKLM:\\System\\CurrentControlSet\\Control\\Terminal Server' -name \"fDenyTSConnections\" -value 0\r\n\r\n            \"Enable-TermSvc: Start UmRdpService\"\r\n            Start-Service UmRdpService\r\n            \"Enable-TermSvc: Start TermService\"\r\n            Start-Service TermService\r\n            if ($EnableFirewall)\r\n            {\r\n                # Enable-NetFirewallRule does not exist on 2008r2\r\n                if (Get-Command Enable-NetFirewallRule -ErrorAction SilentlyContinue) {\r\n                    \"Enable-TermSvc: Enabling firewall rule\"\r\n                    Enable-NetFirewallRule -Group \"@FirewallAPI.dll,-28752\"\r\n                }\r\n                else {\r\n                    \"Unable to find Enable-NetFirewallRule cmdlet!\"\r\n                }\r\n            }\r\n        }\r\n        foreach ($line in $cmdOutput) {\r\n            if ($null -ne $line -and $line -is [string] -and $line.Length -gt 0) {\r\n                Add-SbPAMActionLog -Type Info -Message $line\r\n            }\r\n        }\r\n    }\r\n    catch {\r\n        Add-SbPAMActionLog -Type Error -Message \"Enable-TermSvc: session error: $_\"\r\n    }\r\n    finally {\r\n        if ($null -ne $session) {\r\n            Remove-PSSession -Session $session\r\n        }\r\n    }\r\n}\r\nfinally {\r\n    Add-SbPAMActionLog -ActionQueueActionId $ActionQueueActionId -Type Info -Message \"Enable Terminal Services on Host script finsished, SessionId: $SessionId.\"\r\n}\r\n",
  "Id": "21a077e0-b0f6-466b-b8b2-ce029a56d5f2",
  "CreatedDateTimeUtc": "2023-02-08T19:58:06.4245Z",
  "ModifiedDateTimeUtc": "2024-06-10T15:02:49.4867Z",
  "Description": "Enable terminal services and firewall rules for RDP",
  "CreatedBy": "e1135dad-4c1b-419e-b745-4ef7a631309c",
  "UserDefined": false,
  "Icon": "arrow-up",
  "LastModifiedBy": "e1135dad-4c1b-419e-b745-4ef7a631309c",
  "Classification": 4,
  "ActionTemplateParameter": [
    {
      "ActionPackId": null,
      "DefaultValue": null,
      "Id": "13f1bd74-8429-426d-8135-b151481169d5",
      "SortOrder": 0,
      "Type": 14,
      "ActionTemplateId": "21a077e0-b0f6-466b-b8b2-ce029a56d5f2",
      "Required": false,
      "ValueSet": [],
      "Name": "SessionId",
      "Description": "ActivitySession Id",
      "DisplayName": "SessionId"
    },
    {
      "ActionPackId": null,
      "DefaultValue": null,
      "Id": "042e7c5a-d700-47fb-988c-cf32ee6b19bb",
      "SortOrder": 1,
      "Type": 8,
      "ActionTemplateId": "21a077e0-b0f6-466b-b8b2-ce029a56d5f2",
      "Required": true,
      "ValueSet": [],
      "Name": "HostId",
      "Description": null,
      "DisplayName": "HostId"
    },
    {
      "ActionPackId": null,
      "DefaultValue": null,
      "Id": "ebd3f342-5f10-4838-96e1-5c35ba80b501",
      "SortOrder": 2,
      "Type": 3,
      "ActionTemplateId": "21a077e0-b0f6-466b-b8b2-ce029a56d5f2",
      "Required": true,
      "ValueSet": [],
      "Name": "Credentials",
      "Description": null,
      "DisplayName": "Credentials"
    },
    {
      "ActionTemplateId": "21a077e0-b0f6-466b-b8b2-ce029a56d5f2",
      "ValueSet": [],
      "DisplayName": "Enable Firewall Rule",
      "SortOrder": 3,
      "Description": "Enable firewall rule",
      "DefaultValue": null,
      "Required": true,
      "Name": "EnableFirewall",
      "ActionPackId": null,
      "Id": "05c76176-5553-4620-9d87-3f08c534b2d8",
      "Type": 17
    }
  ]
}
